airbnb_listing_id,n_stay_dates,coverage_ratio,avg_daily_price,annual_revenue_occ_40,annual_revenue_occ_50,annual_revenue_occ_60
1137698308528017474,53,0.5824,668.68,97627.17,122033.96,146440.75
1139831117529014384,78,0.8571,582.26,85009.44,106261.79,127514.15
1153493820067017135,57,0.6264,413.63,60390.00,75487.50,90585.00
1181723518413479765,86,0.9451,524.38,76560.02,95700.03,114840.03
1182018398755268829,61,0.6703,662.55,96732.18,120915.23,145098.27
1182043782165637473,72,0.7912,531.67,77623.33,97029.17,116435.00
1184078920130796920,70,0.7692,414.31,60489.89,75612.36,90734.83
1188339469325210376,67,0.7363,543.54,79356.45,99195.56,119034.67
1189331897618015345,62,0.6813,670.14,97839.82,122299.77,146759.73
1193414131980072087,56,0.6154,649.49,94825.70,118532.12,142238.54
1193496259129259761,76,0.8352,676.55,98776.68,123470.86,148165.03
1197195878719681680,64,0.7033,405.24,59164.60,73955.75,88746.90
1199996219082185363,54,0.5934,212.35,31003.37,38754.21,46505.06
1203140233522044896,73,0.8022,441.64,64479.20,80599.00,96718.80
1207338410880339003,83,0.9121,439.09,64107.49,80134.36,96161.23
1213824251801309412,70,0.7692,1063.97,155339.83,194174.79,233009.74
1219655958873769070,67,0.7363,668.39,97585.56,121981.96,146378.35
1262982199583014782,76,0.8352,716.34,104585.95,130732.43,156878.92
1272537775161574422,54,0.5934,524.25,76541.18,95676.47,114811.76
1274679812745645557,68,0.7473,529.95,77372.49,96715.61,116058.73
1280559161534348023,85,0.9341,591.66,86382.19,107977.74,129573.28
1297930815921503919,74,0.8132,898.33,131155.84,163944.81,196733.77
1303745304497797235,70,0.7692,676.85,98820.10,123525.13,148230.15
1304403734260231676,68,0.7473,570.18,83246.30,104057.88,124869.45
1313064371372817918,83,0.9121,880.00,128480.00,160600.00,192720.00
1314095834089788250,78,0.8571,794.92,116058.15,145072.68,174087.22
1315954985293478319,83,0.9121,813.96,118837.84,148547.30,178256.77
1320995339425720277,55,0.6044,679.81,99252.57,124065.71,148878.85
1321022086036905023,84,0.9231,871.46,127233.50,159041.87,190850.24
1329787295308110610,71,0.7802,935.00,136510.00,170637.50,204765.00
15500038,59,0.6484,437.46,63868.48,79835.60,95802.73
1002341236260011015,54,0.5934,351.85,51370.37,64212.96,77055.56
1004496327455456339,79,0.8681,374.97,54745.38,68431.72,82118.07
1005860682746801029,66,0.7253,396.15,57838.12,72297.65,86757.18
1006396584243125090,72,0.7912,556.28,81217.40,101521.75,121826.10
1011115904222911872,67,0.7363,751.46,109713.19,137141.49,164569.78
1015691857467598452,55,0.6044,1225.31,178895.13,223618.91,268342.69
1019756845213291605,72,0.7912,173.33,25305.65,31632.07,37958.48
1023885231203292759,70,0.7692,496.16,72439.64,90549.55,108659.46
1031938290013047428,80,0.8791,639.25,93330.96,116663.70,139996.43
1034873975277447845,51,0.5604,722.26,105449.45,131811.82,158174.18
1045520246239520927,81,0.8901,950.78,138814.16,173517.70,208221.23
1045916135727198441,59,0.6484,669.17,97698.33,122122.92,146547.50
1053522951026570547,65,0.7143,587.05,85708.93,107136.16,128563.39
1054265461023254222,58,0.6374,488.17,71273.17,89091.47,106909.76
1057964852411462810,77,0.8462,292.66,42728.70,53410.88,64093.05
1060712994513047104,59,0.6484,419.34,61224.11,76530.14,91836.17
1062221285605590578,66,0.7253,557.21,81352.65,101690.82,122028.98
1081972140987250431,63,0.6923,638.88,93276.04,116595.05,139914.06
1100991386372756521,90,0.9890,819.89,119703.78,149629.72,179555.67
1111626053814730010,63,0.6923,735.34,107359.25,134199.06,161038.87
1131810056799937593,72,0.7912,735.25,107345.99,134182.49,161018.99
11567423,62,0.6813,814.35,118895.81,148619.76,178343.71
1174263938200349649,88,0.9670,550.84,80422.22,100527.77,120633.33
1182070530301053205,56,0.6154,525.68,76749.72,95937.15,115124.58
1187061700423806804,73,0.8022,550.85,80424.00,100530.00,120636.00
1187558666042801587,64,0.7033,602.78,88006.06,110007.58,132009.09
1187772975255244525,63,0.6923,393.21,57409.29,71761.61,86113.93
1188476386889166335,64,0.7033,543.00,79278.19,99097.74,118917.29
1191261348067720296,61,0.6703,670.06,97828.38,122285.47,146742.57
1193347652334673191,54,0.5934,832.13,121490.93,151863.66,182236.39
1197121947398131654,50,0.5495,408.64,59661.44,74576.80,89492.16
1207864392976162235,74,0.8132,510.28,74501.43,93126.79,111752.15
1207881809440158991,82,0.9011,438.93,64084.50,80105.63,96126.76
1207940918769840398,68,0.7473,403.79,58953.23,73691.53,88429.84
1207992119242235910,73,0.8022,401.09,58559.33,73199.17,87839.00
1208704132667695539,91,1.0000,587.74,85810.30,107262.87,128715.45
1208735754877396448,69,0.7582,435.22,63541.74,79427.17,95312.61
1208746927423730353,72,0.7912,401.86,58671.05,73338.81,88006.57
1208757855935244741,63,0.6923,403.81,58956.58,73695.72,88434.87
1214464056304542513,74,0.8132,676.78,98809.45,123511.81,148214.17
1216602433904805187,63,0.6923,524.14,76524.47,95655.59,114786.71
1219597802580113056,63,0.6923,533.35,77868.98,97336.23,116803.48
1226846054624436877,68,0.7473,666.32,97283.24,121604.04,145924.85
1226856286781952840,69,0.7582,678.93,99124.48,123905.60,148686.72
1233994658216308874,48,0.5275,416.84,60859.19,76073.98,91288.78
1248514191377483703,70,0.7692,479.69,70034.11,87542.64,105051.17
1249385754807434824,63,0.6923,536.74,78363.76,97954.70,117545.64
1249919049392818339,74,0.8132,555.77,81142.46,101428.07,121713.69
1254384361135492137,81,0.8901,540.39,78896.78,98620.97,118345.17
1257312272803306995,73,0.8022,538.15,78569.50,98211.88,117854.25
1263128865886946817,76,0.8352,527.25,76978.50,96223.13,115467.75
1265295313956605287,73,0.8022,401.67,58644.33,73305.42,87966.50
1265370363028714118,60,0.6593,409.03,59718.87,74648.58,89578.30
1266717192483343855,62,0.6813,600.00,87600.00,109500.00,131400.00
1269623861253689862,58,0.6374,404.86,59109.44,73886.80,88664.16
1269636598524749154,63,0.6923,404.34,59033.05,73791.32,88549.58
1274055523929375490,69,0.7582,557.86,81446.84,101808.55,122170.26
1274533646308060247,81,0.8901,529.11,77249.92,96562.40,115874.88
1284110666632259028,73,0.8022,543.53,79356.00,99195.00,119034.00
1292815457899461748,49,0.5385,800.31,116845.44,146056.80,175268.16
1297930390704189766,70,0.7692,557.71,81426.29,101782.86,122139.43
1307990676918354925,79,0.8681,547.25,79898.04,99872.55,119847.06
1311575286815584867,82,0.9011,790.96,115480.21,144350.27,173220.32
1318376138623084691,85,0.9341,785.41,114670.40,143338.00,172005.61
1333504785474035960,82,0.9011,588.65,85942.37,107427.96,128913.55
16253828,73,0.8022,1605.47,234399.00,292998.75,351598.50
16321793,72,0.7912,518.06,75636.11,94545.14,113454.17
16730935,89,0.9780,250.00,36500.00,45625.00,54750.00
16992951,62,0.6813,531.05,77533.06,96916.33,116299.60
18395333,59,0.6484,611.02,89208.47,111510.59,133812.71
20943549,57,0.6264,381.76,55737.59,69671.99,83606.39
21280090,57,0.6264,815.84,119112.31,148890.38,178668.46
22648075,65,0.7143,396.66,57912.58,72390.73,86868.88
23078040,54,0.5934,774.07,113014.81,141268.52,169522.22
26839303,46,0.5055,692.20,101061.46,126326.83,151592.20
27704027,79,0.8681,734.18,107189.87,133987.34,160784.81
27981528,46,0.5055,490.11,71555.87,89444.84,107333.80
28366360,66,0.7253,775.43,113213.05,141516.31,169819.57
28429135,63,0.6923,433.17,63242.64,79053.30,94863.96
29870406,65,0.7143,781.19,114054.08,142567.60,171081.12
30332330,46,0.5055,308.03,44971.97,56214.96,67457.95
30560948,67,0.7363,782.57,114255.61,142819.51,171383.41
30617740,71,0.7802,556.49,81247.97,101559.96,121871.96
30785010,50,0.5495,487.05,71109.30,88886.63,106663.95
30910938,54,0.5934,475.15,69371.63,86714.54,104057.44
31055581,69,0.7582,422.10,61626.81,77033.51,92440.22
31059537,58,0.6374,783.94,114455.61,143069.51,171683.41
31380471,57,0.6264,767.66,112078.05,140097.57,168117.08
31441134,90,0.9890,1502.87,219418.53,274273.17,329127.80
31859744,69,0.7582,489.13,71413.04,89266.30,107119.57
31945494,53,0.5824,551.09,80459.77,100574.72,120689.66
32606991,61,0.6703,574.68,83903.33,104879.16,125854.99
34866449,59,0.6484,468.93,68464.10,85580.13,102696.15
37118794,62,0.6813,1000.00,146000.00,182500.00,219000.00
37347085,88,0.9670,494.52,72200.32,90250.40,108300.48
37989675,63,0.6923,418.48,61097.52,76371.90,91646.29
38695314,53,0.5824,564.60,82432.15,103040.19,123648.23
38998610,68,0.7473,195.00,28470.00,35587.50,42705.00
39051477,91,1.0000,1538.01,224550.14,280687.67,336825.21
39109062,74,0.8132,1485.14,216829.73,271037.16,325244.59
39394644,73,0.8022,726.27,106036.00,132545.00,159054.00
39414948,61,0.6703,561.89,82035.25,102544.06,123052.87
40039627,67,0.7363,308.33,45015.94,56269.93,67523.91
40910065,88,0.9670,604.71,88287.86,110359.82,132431.79
41260111,77,0.8462,1799.60,262741.76,328427.20,394112.64
41493620,87,0.9560,774.40,113062.78,141328.47,169594.16
41532894,61,0.6703,761.95,111244.66,139055.83,166866.99
41590719,65,0.7143,392.27,57271.31,71589.13,85906.96
1019453731090411731,66,0.7253,413.81,60416.35,75520.44,90624.52
1045459185575382038,89,0.9780,515.28,75231.01,94038.76,112846.52
1048804459244346908,70,0.7692,704.43,102846.57,128558.21,154269.86
1050857413300266721,54,0.5934,639.42,93354.83,116693.54,140032.25
1052490589225547467,67,0.7363,698.11,101924.34,127405.43,152886.51
1053851019443958006,90,0.9890,503.90,73569.40,91961.75,110354.10
1055163452693752832,71,0.7802,579.33,84582.32,105727.90,126873.49
1066545050089987954,69,0.7582,462.90,67583.19,84478.99,101374.78
1074031328011239995,89,0.9780,1677.07,244852.66,306065.83,367278.99
1075503699104403085,69,0.7582,995.97,145411.34,181764.18,218117.02
10982940,75,0.8242,1800.00,262800.00,328500.00,394200.00
42704327,76,0.8352,1113.99,162643.04,203303.80,243964.56
43754654,81,0.8901,951.49,138917.20,173646.50,208375.80
44425260,66,0.7253,496.62,72506.25,90632.82,108759.38
45513430,89,0.9780,782.92,114306.52,142883.15,171459.78
45822839,59,0.6484,427.46,62408.81,78011.02,93613.22
46220279,62,0.6813,628.25,91724.50,114655.63,137586.75
46530405,83,0.9121,1069.02,156077.37,195096.71,234116.06
46678933,77,0.8462,729.22,106466.23,133082.79,159699.35
46878566,75,0.8242,498.20,72737.20,90921.50,109105.80
46896012,56,0.6154,599.46,87521.79,109402.23,131282.68
46936020,54,0.5934,398.24,58143.15,72678.94,87214.72
47326216,77,0.8462,1107.79,161737.66,202172.08,242606.49
48243472,48,0.5275,1154.76,168595.02,210743.78,252892.53
49050392,46,0.5055,741.30,108230.43,135288.04,162345.65
49123621,75,0.8242,751.67,109743.33,137179.17,164615.00
51405106,74,0.8132,863.72,126103.55,157629.44,189155.33
51669111,87,0.9560,702.82,102611.15,128263.94,153916.72
51785337,56,0.6154,313.07,45708.43,57135.54,68562.64
52354467,51,0.5604,510.59,74545.88,93182.35,111818.82
53008127,51,0.5604,329.41,48094.12,60117.65,72141.18
53133732,72,0.7912,769.11,112290.22,140362.78,168435.33
53195241,82,0.9011,1835.12,267927.80,334909.76,401891.71
53240300,75,0.8242,1004.07,146593.73,183242.17,219890.60
53340772,59,0.6484,518.86,75752.97,94691.21,113629.45
53445765,52,0.5714,387.23,56534.99,70668.74,84802.49
53645678,61,0.6703,740.57,108123.77,135154.71,162185.66
53903158,66,0.7253,1158.48,169138.79,211423.48,253708.18
53972959,48,0.5275,864.60,126232.21,157790.26,189348.31
54167570,78,0.8571,1406.15,205298.46,256623.08,307947.69
54237040,66,0.7253,696.07,101626.32,127032.90,152439.48
54246694,89,0.9780,710.11,103676.40,129595.51,155514.61
42335961,56,0.6154,456.54,66654.21,83317.77,99981.32
42362925,69,0.7582,999.56,145935.46,182419.33,218903.20
43499385,69,0.7582,595.59,86956.75,108695.94,130435.13
45621607,71,0.7802,331.24,48360.79,60450.98,72541.18
45687710,79,0.8681,419.46,61240.53,76550.66,91860.80
45768161,71,0.7802,624.65,91198.59,113998.24,136797.89
45803876,54,0.5934,540.53,78917.06,98646.32,118375.58
45889892,58,0.6374,615.69,89890.69,112363.36,134836.03
45973790,87,0.9560,631.06,92134.67,115168.34,138202.01
46451253,71,0.7802,575.65,84045.62,105057.02,126068.43
46550767,47,0.5165,757.45,110587.23,138234.04,165880.85
46866680,59,0.6484,470.42,68681.86,85852.33,103022.80
46990438,54,0.5934,530.93,77515.19,96893.98,116272.78
47172145,60,0.6593,585.65,85504.90,106881.12,128257.35
47254288,67,0.7363,490.30,71583.58,89479.48,107375.37
47325492,79,0.8681,626.85,91520.57,114400.71,137280.85
47402735,66,0.7253,462.03,67455.76,84319.70,101183.64
47558531,86,0.9451,755.61,110319.64,137899.55,165479.46
47909482,64,0.7033,877.83,128163.88,160204.85,192245.83
48109229,73,0.8022,546.05,79724.00,99655.00,119586.00
48848529,78,0.8571,943.36,137730.41,172163.01,206595.62
50958684,66,0.7253,989.66,144489.86,180612.32,216734.79
51453135,55,0.6044,539.09,78707.27,98384.09,118060.91
51825638,74,0.8132,657.42,95983.16,119978.95,143974.74
52059007,83,0.9121,1004.05,146591.32,183239.15,219886.97
52346232,57,0.6264,689.84,100716.95,125896.18,151075.42
525472560929976068,79,0.8681,1022.90,149343.22,186679.02,224014.82
52646204,66,0.7253,965.02,140892.21,176115.27,211338.32
52969803,61,0.6703,346.15,50537.54,63171.93,75806.31
53113087,48,0.5275,519.84,75896.68,94870.85,113845.02
53314692,53,0.5824,728.81,106405.53,133006.92,159608.30
53669499,59,0.6484,543.00,79278.00,99097.50,118917.00
53738511,64,0.7033,466.00,68036.00,85045.00,102054.00
53914255,47,0.5165,588.69,85948.44,107435.55,128922.66
53973724,55,0.6044,577.51,84316.33,105395.41,126474.49
54287612,50,0.5495,414.25,60480.99,75601.23,90721.48
543584528464360785,60,0.6593,375.49,54821.78,68527.23,82232.68
46048925,71,0.7802,939.93,137229.20,171536.50,205843.81
53581602,70,0.7692,520.83,76040.97,95051.21,114061.46
929120660817262874,86,0.9451,734.80,107280.29,134100.36,160920.44
936216057908307884,61,0.6703,388.69,56749.00,70936.25,85123.50
963040775940890055,80,0.8791,650.25,94936.04,118670.05,142404.07
983188724209547131,73,0.8022,878.70,128290.00,160362.50,192435.00
984846668146064982,48,0.5275,995.51,145344.52,181680.65,218016.78
985445004274818605,59,0.6484,165.11,24106.08,30132.61,36159.13
1002785860497857801,65,0.7143,494.52,72199.25,90249.06,108298.87
1005958896607152946,53,0.5824,244.53,35701.13,44626.42,53551.70
1008029204257210230,53,0.5824,298.41,43568.26,54460.32,65352.39
1039235354309448898,60,0.6593,183.33,26766.67,33458.33,40150.00
1044458170286255125,47,0.5165,792.63,115723.64,144654.55,173585.46
1046547202929220520,56,0.6154,383.78,56031.19,70038.99,84046.79
1047723626454445067,91,1.0000,1629.27,237874.11,297342.64,356811.16
1053030252161966865,83,0.9121,276.72,40401.54,50501.93,60602.31
1053625763515857065,72,0.7912,494.80,72240.77,90300.96,108361.15
1056827534457537585,79,0.8681,301.20,43974.49,54968.11,65961.74
1057137469420115073,69,0.7582,650.28,94940.20,118675.25,142410.30
1063807278503566143,49,0.5385,431.96,63066.04,78832.55,94599.06
1067320906990424780,61,0.6703,602.75,88000.90,110001.13,132001.35
1100720037663116812,62,0.6813,945.56,138051.24,172564.05,207076.86
1125970477826966385,65,0.7143,542.31,79177.67,98972.09,118766.51
1163772289534164479,62,0.6813,1749.59,255439.95,319299.94,383159.93
1171049670344322120,61,0.6703,678.18,99014.33,123767.91,148521.49
1181933658424522281,65,0.7143,389.08,56805.23,71006.54,85207.85
1181944920258781413,75,0.8242,396.42,57877.64,72347.06,86816.47
1181971107577983158,69,0.7582,398.78,58221.56,72776.94,87332.33
1182040498646675653,50,0.5495,642.82,93851.72,117314.65,140777.58
1182188163181410725,82,0.9011,934.54,136442.34,170552.93,204663.51
1183418487997408853,63,0.6923,533.13,77837.70,97297.12,116756.55
1184152596221501552,74,0.8132,535.25,78146.50,97683.13,117219.75
1188323084225041810,66,0.7253,531.01,77527.11,96908.88,116290.66
1191386301072209798,69,0.7582,541.28,79027.26,98784.08,118540.89
1192836728602105901,74,0.8132,542.13,79150.74,98938.43,118726.11
1195858349379362032,48,0.5275,765.83,111811.67,139764.58,167717.50
1207335703563012811,74,0.8132,434.62,63454.76,79318.45,95182.14
1207383031689344642,67,0.7363,622.39,90868.66,113585.82,136302.99
1208718899534488031,75,0.8242,440.05,64247.14,80308.92,96370.71
1208757710030861160,62,0.6813,404.65,59078.59,73848.23,88617.88
1233973103621276698,53,0.5824,403.11,58854.53,73568.16,88281.79
1234084273027568746,51,0.5604,397.34,58012.10,72515.12,87018.15
1236367599770739400,59,0.6484,579.19,84561.22,105701.53,126841.83
1238321506456103932,76,0.8352,731.28,106767.30,133459.13,160150.95
1242713378625026725,69,0.7582,574.11,83819.87,104774.84,125729.80
1249371220066552412,69,0.7582,538.96,78687.65,98359.57,118031.48
1259534245145609058,54,0.5934,446.01,65117.04,81396.30,97675.55
1260073533686146608,63,0.6923,443.31,64723.19,80903.99,97084.79
1265161823691467042,69,0.7582,578.29,84430.32,105537.90,126645.48
1271171762063321920,56,0.6154,581.25,84862.50,106078.13,127293.75
1277103969415516416,54,0.5934,454.01,66284.90,82856.13,99427.35
1282577030741754149,67,0.7363,401.44,58610.65,73263.31,87915.97
1282585098065467787,64,0.7033,403.76,58949.02,73686.28,88423.53
1283982403734255309,62,0.6813,521.19,76094.26,95117.82,114141.39
1285538056394050628,83,0.9121,1025.84,149772.25,187215.32,224658.38
1304433283397417052,65,0.7143,1073.15,156679.34,195849.17,235019.01
1312949509621922876,68,0.7473,546.38,79770.75,99713.44,119656.13
1318315111310867765,81,0.8901,752.75,109901.65,137377.06,164852.48
1320994692912931266,79,0.8681,1430.00,208780.00,260975.00,313170.00
1321134786322096510,65,0.7143,748.20,109237.20,136546.50,163855.80
15523493,49,0.5385,608.08,88779.92,110974.90,133169.88
577547502503396579,58,0.6374,610.66,89155.66,111444.57,133733.48
6569062,90,0.9890,720.72,105225.44,131531.81,157838.17
708045427082372124,91,1.0000,1258.04,183674.42,229593.02,275511.63
746451645715267085,89,0.9780,974.93,142339.34,177924.17,213509.01
754141022905987471,80,0.8791,639.07,93303.73,116629.67,139955.60
758758164947604865,82,0.9011,153.90,22469.76,28087.20,33704.63
767407262472265686,68,0.7473,729.04,106440.44,133050.55,159660.66
769009482417170004,55,0.6044,567.07,82792.62,103490.77,124188.93
786307999394390316,53,0.5824,572.91,83644.23,104555.28,125466.34
787847078680683474,52,0.5714,322.88,47141.15,58926.44,70711.73
790431243381422888,90,0.9890,914.23,133478.07,166847.58,200217.10
790518755885066166,47,0.5165,806.17,117700.85,147126.06,176551.28
799251513158018593,51,0.5604,520.39,75977.25,94971.57,113965.88
802357806571870530,55,0.6044,654.94,95620.71,119525.89,143431.06
805726391815686158,47,0.5165,406.72,59381.62,74227.02,89072.43
806702099486447309,60,0.6593,571.28,83407.37,104259.21,125111.05
816613605644920543,79,0.8681,1897.47,277030.38,346287.97,415545.57
832123000813215722,78,0.8571,486.67,71053.33,88816.67,106580.00
863830918159371125,67,0.7363,329.46,48101.55,60126.94,72152.33
871084107630048364,54,0.5934,444.44,64888.89,81111.11,97333.33
873125740517449213,62,0.6813,456.05,66583.06,83228.83,99874.60
881204142086821328,51,0.5604,516.67,75433.33,94291.67,113150.00
906701409648697471,57,0.6264,542.02,79134.56,98918.20,118701.84
911476333007658783,53,0.5824,257.31,37567.45,46959.32,56351.18
913929715874853789,52,0.5714,919.53,134251.68,167814.60,201377.52
15909831,65,0.7143,719.85,105097.54,131371.92,157646.31
15934309,61,0.6703,784.87,114590.85,143238.57,171886.28
16527828,87,0.9560,1055.79,154145.79,192682.24,231218.69
16586622,51,0.5604,511.37,74660.39,93325.49,111990.59
16618715,67,0.7363,781.07,114036.90,142546.12,171055.34
16662563,62,0.6813,1728.00,252288.00,315360.00,378432.00
1977915,52,0.5714,841.57,122868.83,153586.03,184303.24
21091876,77,0.8462,751.08,109657.38,137071.72,164486.06
21397811,68,0.7473,699.25,102090.50,127613.13,153135.75
21545686,63,0.6923,301.10,43959.90,54949.88,65939.86
21607605,47,0.5165,779.09,113747.46,142184.33,170621.19
22421421,46,0.5055,394.26,57562.09,71952.61,86343.13
26197944,58,0.6374,432.76,63182.76,78978.45,94774.14
26570136,63,0.6923,676.23,98730.26,123412.83,148095.40
26708551,60,0.6593,531.40,77584.60,96980.75,116376.90
28410850,76,0.8352,527.54,77021.40,96276.75,115532.11
29341170,46,0.5055,408.78,59682.26,74602.83,89523.39
29739100,69,0.7582,699.79,102169.67,127712.09,153254.51
29800671,75,0.8242,548.89,80137.45,100171.82,120206.18
30105402,87,0.9560,777.87,113569.54,141961.93,170354.31
30402651,48,0.5275,597.72,87266.94,109083.67,130900.41
30491733,48,0.5275,753.41,109998.12,137497.65,164997.19
30494198,59,0.6484,429.78,62747.83,78434.79,94121.75
31454750,59,0.6484,544.47,79492.05,99365.06,119238.08
31530689,74,0.8132,716.48,104606.04,130757.55,156909.06
32486859,48,0.5275,868.39,126784.27,158480.34,190176.41
32766950,48,0.5275,320.83,46841.67,58552.08,70262.50
34218930,58,0.6374,726.24,106030.47,132538.08,159045.70
35481220,60,0.6593,598.74,87415.32,109269.15,131122.98
38319706,79,0.8681,526.90,76927.83,96159.79,115391.75
38447436,91,1.0000,995.74,145377.49,181721.87,218066.24
38514587,90,0.9890,857.36,125174.59,156468.23,187761.88
38730549,64,0.7033,740.63,108131.25,135164.06,162196.88
38899673,78,0.8571,544.01,79426.18,99282.73,119139.28
39007372,88,0.9670,1100.00,160600.00,200750.00,240900.00
39363955,57,0.6264,397.41,58022.58,72528.22,87033.87
39583346,50,0.5495,545.00,79570.00,99462.50,119355.00
39715668,56,0.6154,225.11,32865.64,41082.05,49298.46
3977675,55,0.6044,242.71,35435.97,44294.96,53153.95
40023421,77,0.8462,456.52,66651.84,83314.81,99977.77
40320100,75,0.8242,783.22,114350.12,142937.65,171525.18
40342798,81,0.8901,657.22,95954.44,119943.06,143931.67
40351988,52,0.5714,347.54,50740.62,63425.77,76110.92
40449599,62,0.6813,544.47,79492.68,99365.85,119239.02
40560834,73,0.8022,669.94,97811.00,122263.75,146716.50
40892344,55,0.6044,408.36,59621.09,74526.36,89431.64
41193865,50,0.5495,405.80,59246.80,74058.50,88870.20
41227471,72,0.7912,638.06,93156.11,116445.14,139734.17
41676390,90,0.9890,608.01,88768.81,110961.01,133153.22
41686810,59,0.6484,95.42,13931.86,17414.83,20897.80
41762297,77,0.8462,1661.36,242559.09,303198.86,363838.64
41883230,53,0.5824,535.47,78178.87,97723.58,117268.30
41888100,78,0.8571,552.95,80730.58,100913.22,121095.86
16177778,90,0.9890,750.97,109641.13,137051.42,164461.70
16350860,65,0.7143,603.93,88174.45,110218.07,132261.68
17570590,60,0.6593,1563.43,228261.27,285326.58,342391.90
21295667,53,0.5824,736.20,107485.84,134357.30,161228.76
21695053,76,0.8352,739.06,107903.13,134878.91,161854.69
21734892,59,0.6484,754.41,110143.39,137679.24,165215.08
22047595,60,0.6593,681.96,99565.92,124457.40,149348.88
22190101,46,0.5055,271.74,39673.91,49592.39,59510.87
22191680,69,0.7582,388.94,56785.54,70981.92,85178.30
22231120,80,0.8791,334.46,48831.22,61039.03,73246.83
22245880,69,0.7582,1285.18,187636.10,234545.12,281454.15
22739656,66,0.7253,1162.88,169780.30,212225.38,254670.45
22810332,65,0.7143,480.00,70080.00,87600.00,105120.00
22901902,81,0.8901,716.04,104542.31,130677.89,156813.46
23023313,68,0.7473,528.68,77186.76,96483.46,115780.15
23343001,69,0.7582,565.22,82521.74,103152.17,123782.61
25165914,85,0.9341,621.18,90691.76,113364.71,136037.65
26334990,48,0.5275,1217.31,177727.12,222158.90,266590.68
27022969,47,0.5165,1502.13,219310.64,274138.30,328965.96
28160414,57,0.6264,591.05,86293.68,107867.11,129440.53
2951220,85,0.9341,789.67,115291.48,144114.35,172937.21
30085847,65,0.7143,562.24,82087.56,102609.46,123131.35
31169655,65,0.7143,404.72,59089.01,73861.26,88633.51
31278015,56,0.6154,504.29,73625.71,92032.14,110438.57
31511990,86,0.9451,483.43,70580.81,88226.02,105871.22
32592683,56,0.6154,1123.21,163989.29,204986.61,245983.93
32990586,67,0.7363,998.84,145830.03,182287.54,218745.04
34540951,62,0.6813,543.24,79313.32,99141.65,118969.98
36632832,70,0.7692,537.74,78509.41,98136.77,117764.12
37153670,53,0.5824,386.80,56473.08,70591.34,84709.61
37494985,79,0.8681,843.45,123143.61,153929.51,184715.41
38638326,65,0.7143,627.63,91634.47,114543.08,137451.70
38693604,54,0.5934,483.33,70566.67,88208.33,105850.00
38852725,62,0.6813,494.87,72251.16,90313.95,108376.74
38980085,77,0.8462,859.53,125491.74,156864.68,188237.61
39685785,68,0.7473,529.90,77365.27,96706.59,116047.91
39745810,89,0.9780,2352.58,343476.42,429345.53,515214.64
39972515,59,0.6484,337.71,49305.93,61632.42,73958.90
40209404,69,0.7582,327.67,47839.33,59799.17,71759.00
40250642,67,0.7363,833.79,121732.77,152165.96,182599.15
40289385,62,0.6813,2586.40,377613.69,472017.12,566420.54
40371384,82,0.9011,556.46,81242.62,101553.27,121863.93
40576710,59,0.6484,541.53,79062.71,98828.39,118594.07
41285546,79,0.8681,610.21,89090.65,111363.31,133635.97
41404141,68,0.7473,700.70,102302.20,127877.75,153453.30
41769298,48,0.5275,1095.90,160000.79,200000.99,240001.19
42003334,61,0.6703,633.08,92429.57,115536.96,138644.35
42270655,74,0.8132,517.25,75518.69,94398.36,113278.03
42625075,58,0.6374,1055.58,154114.96,192643.70,231172.44
42709234,83,0.9121,675.82,98669.61,123337.02,148004.42
44153810,48,0.5275,188.38,27502.75,34378.44,41254.13
45350304,79,0.8681,706.51,103149.92,128937.41,154724.89
46036384,55,0.6044,346.38,50571.75,63214.68,75857.62
46222390,73,0.8022,483.33,70566.00,88207.50,105849.00
46298558,50,0.5495,679.68,99233.28,124041.60,148849.92
46598066,74,0.8132,1027.22,149973.90,187467.37,224960.84
46604700,87,0.9560,350.74,51207.68,64009.60,76811.52
46710652,67,0.7363,595.52,86946.27,108682.84,130419.40
46724379,65,0.7143,348.68,50907.95,63634.94,76361.93
46755580,58,0.6374,300.00,43800.00,54750.00,65700.00
46769078,79,0.8681,812.18,118577.57,148221.96,177866.35
47052262,68,0.7473,443.46,64745.27,80931.59,97117.91
47891397,76,0.8352,497.15,72584.23,90730.29,108876.34
52214716,76,0.8352,1490.04,217545.12,271931.40,326317.68
52266549,55,0.6044,572.73,83618.18,104522.73,125427.27
52365560,75,0.8242,324.53,47381.87,59227.33,71072.80
52530322,74,0.8132,472.97,69054.05,86317.57,103581.08
52596621,84,0.9231,757.39,110578.66,138223.33,165867.99
52650644,64,0.7033,661.88,96633.75,120792.19,144950.63
52758042,89,0.9780,2897.36,423014.49,528768.12,634521.74
53154219,79,0.8681,616.05,89943.70,112429.63,134915.55
53175731,90,0.9890,1012.33,147800.67,184750.83,221701.00
53337464,89,0.9780,586.38,85611.78,107014.72,128417.66
53717416,60,0.6593,648.23,94640.85,118301.06,141961.27
53893648,52,0.5714,622.44,90876.58,113595.72,136314.87
54365625,81,0.8901,670.80,97937.16,122421.45,146905.74
605748852048435444,59,0.6484,402.74,58799.85,73499.81,88199.78
610155932497817911,65,0.7143,518.00,75628.00,94535.00,113442.00
622878708674009200,74,0.8132,666.76,97346.49,121683.11,146019.73
667324814851452653,63,0.6923,861.38,125761.62,157202.02,188642.43
678242953903453952,47,0.5165,344.68,50323.40,62904.26,75485.11
687757820659405525,86,0.9451,570.29,83262.44,104078.05,124893.66
703538637731385185,66,0.7253,398.98,58251.05,72813.81,87376.58
703678241822238330,60,0.6593,321.23,46900.07,58625.08,70350.10
725867973010290782,64,0.7033,496.09,72429.69,90537.11,108644.53
730437501239201082,84,0.9231,668.59,97614.75,122018.43,146422.12
753461577197808016,59,0.6484,843.90,123209.15,154011.44,184813.73
754796838418506202,68,0.7473,574.49,83874.85,104843.57,125812.28
762916089194134311,90,0.9890,1000.00,146000.00,182500.00,219000.00
766052072199682693,57,0.6264,647.21,94492.74,118115.92,141739.11
770131545986036241,72,0.7912,963.89,140727.78,175909.72,211091.67
771111761043546355,75,0.8242,603.27,88076.93,110096.17,132115.40
772261416620745030,74,0.8132,831.84,121448.32,151810.41,182172.49
778933432062496662,70,0.7692,892.29,130273.71,162842.14,195410.57
785658004981722606,62,0.6813,560.33,81808.27,102260.34,122712.41
792184367926408145,50,0.5495,371.04,54171.84,67714.80,81257.76
801611117719633492,57,0.6264,456.21,66606.74,83258.42,99910.11
826063757882656916,73,0.8022,585.81,85528.00,106910.00,128292.00
8287843,67,0.7363,591.42,86347.01,107933.77,129520.52
844864653127085626,74,0.8132,1028.99,150232.68,187790.86,225349.03
873255393900331818,71,0.7802,656.13,95794.51,119743.13,143691.76
939325387438995809,68,0.7473,1345.59,196455.88,245569.85,294683.82
957349094500016515,82,0.9011,583.24,85152.72,106440.90,127729.08
964579064376617710,64,0.7033,742.46,108399.30,135499.12,162598.95
965310801955633109,63,0.6923,476.98,69639.68,87049.60,104459.52
966687088388761169,88,0.9670,776.70,113398.86,141748.58,170098.30
968213956640500474,81,0.8901,465.27,67929.95,84912.44,101894.93
991407580891691701,55,0.6044,641.92,93720.05,117150.07,140580.08
996227938456591020,73,0.8022,333.53,48696.00,60870.00,73044.00
612245203931813020,61,0.6703,738.36,107800.66,134750.82,161700.98
618943952389206201,71,0.7802,501.34,73195.35,91494.19,109793.03
629724091250673746,52,0.5714,665.04,97096.55,121370.69,145644.83
675242237586865339,71,0.7802,445.43,65033.40,81291.75,97550.11
679166677359467385,79,0.8681,1130.67,165077.95,206347.44,247616.92
684782448665574114,53,0.5824,578.40,84445.85,105557.31,126668.77
703527486074504582,67,0.7363,333.91,48750.93,60938.66,73126.39
705946468067026302,60,0.6593,439.00,64094.00,80117.50,96141.00
719355891470345652,78,0.8571,538.87,78674.35,98342.93,118011.52
721635424816164605,52,0.5714,753.02,109940.81,137426.01,164911.21
730553947980169722,48,0.5275,888.54,129727.08,162158.85,194590.62
732572931172602640,63,0.6923,291.43,42548.57,53185.71,63822.86
734774611454860165,52,0.5714,576.71,84199.18,105248.98,126298.77
739015384619300207,58,0.6374,1608.69,234868.69,293585.86,352303.03
753566944813003124,77,0.8462,578.12,84405.82,105507.28,126608.74
754375397775403281,84,0.9231,844.93,123360.21,154200.26,185040.31
756997201912524343,81,0.8901,960.31,140205.96,175257.45,210308.94
781223884036842600,62,0.6813,364.76,53254.68,66568.35,79882.02
782548209247570691,51,0.5604,656.86,95901.96,119877.45,143852.94
782734966853311782,79,0.8681,748.70,109309.65,136637.06,163964.47
783879004243392314,71,0.7802,612.49,89423.62,111779.52,134135.43
787195284335262595,50,0.5495,539.56,78776.25,98470.31,118164.37
790752171303746450,76,0.8352,502.68,73391.89,91739.87,110087.84
794996321339600522,58,0.6374,371.84,54289.34,67861.68,81434.02
796481545034280714,71,0.7802,579.30,84577.18,105721.48,126865.77
797261187302809924,68,0.7473,528.54,77167.44,96459.30,115751.16
809946874989632205,75,0.8242,380.01,55480.97,69351.22,83221.46
811053746893495263,59,0.6484,393.86,57504.20,71880.25,86256.31
813090046454458015,84,0.9231,388.45,56714.05,70892.56,85071.07
822365439954007216,57,0.6264,704.23,102817.30,128521.62,154225.95
826617189908528565,49,0.5385,472.25,68948.25,86185.31,103422.38
837646263953285868,55,0.6044,454.80,66401.11,83001.39,99601.66
850675824952359571,66,0.7253,805.03,117534.42,146918.03,176301.64
859653300578357102,57,0.6264,702.00,102492.00,128115.00,153738.00
869504505210568410,80,0.8791,1162.50,169725.00,212156.25,254587.50
8838629,66,0.7253,747.75,109171.87,136464.84,163757.80
892721989592935461,47,0.5165,361.68,52805.40,66006.76,79208.11
894985131313802009,64,0.7033,652.13,95211.39,119014.24,142817.09
915332897455058900,68,0.7473,1075.00,156950.54,196188.17,235425.81
944320965810800803,84,0.9231,884.14,129084.57,161355.71,193626.85
978095320445301654,73,0.8022,871.58,127250.00,159062.50,190875.00
978244263452010977,47,0.5165,433.64,63311.19,79138.99,94966.79
980310639590708922,68,0.7473,615.01,89791.07,112238.84,134686.61
985716714802993034,48,0.5275,541.35,79036.69,98795.87,118555.04
986245345084467584,86,0.9451,832.95,121610.36,152012.95,182415.54
995680028058206783,84,0.9231,3520.29,513961.71,642452.14,770942.57
999226382307972271,84,0.9231,491.63,71778.12,89722.65,107667.18
21632405,50,0.5495,494.97,72265.81,90332.27,108398.72